folder	desc	name	Latitude	Longitude	thumbnail	url	date	n-size	symbol	icon_size	color	c-size	h-size	k-size	l-size	m-size	o-size	q-size	s-size	sq-size	t-size	z-size
Folder1	IMG_20170712_092138	"Nambe Creek"	35.807980555556	-105.78040833333	https://c1.staticflickr.com/5/4260/35715837632_5ba06d3015_n.jpg	https://www.flickr.com/photos/30474783@N06/35715837632/in/album-72157686336913285	"2017:07:12 09:21:40"	https://c1.staticflickr.com/5/4260/35715837632_5ba06d3015_n.jpg			fuchsia	https://c1.staticflickr.com/5/4260/35715837632_5ba06d3015_c.jpg	https://c1.staticflickr.com/5/4260/35715837632_8941c5664f_h.jpg	https://c1.staticflickr.com/5/4260/35715837632_05f8583729_k.jpg	https://c1.staticflickr.com/5/4260/35715837632_5ba06d3015_b.jpg	https://c1.staticflickr.com/5/4260/35715837632_5ba06d3015.jpg	https://c1.staticflickr.com/5/4260/35715837632_d3accd9182_o.jpg	https://c1.staticflickr.com/5/4260/35715837632_5ba06d3015_q.jpg	https://c1.staticflickr.com/5/4260/35715837632_5ba06d3015_m.jpg	https://c1.staticflickr.com/5/4260/35715837632_5ba06d3015_s.jpg	https://c1.staticflickr.com/5/4260/35715837632_5ba06d3015_t.jpg	https://c1.staticflickr.com/5/4260/35715837632_5ba06d3015_z.jpg	"2017:07:12 15:21:32"
Folder1	IMG_20170712_092146	"Nambe Creek"	35.807980555556	-105.78040833333	https://c1.staticflickr.com/5/4289/35075882243_653872fdb8_n.jpg	https://www.flickr.com/photos/30474783@N06/35075882243/in/album-72157686336913285	"2017:07:12 09:21:48"	https://c1.staticflickr.com/5/4289/35075882243_653872fdb8_n.jpg			fuchsia	https://c1.staticflickr.com/5/4289/35075882243_653872fdb8_c.jpg	https://c1.staticflickr.com/5/4289/35075882243_ceb3808845_h.jpg	https://c1.staticflickr.com/5/4289/35075882243_8e801087b6_k.jpg	https://c1.staticflickr.com/5/4289/35075882243_653872fdb8_b.jpg	https://c1.staticflickr.com/5/4289/35075882243_653872fdb8.jpg	https://c1.staticflickr.com/5/4289/35075882243_1167550ba9_o.jpg	https://c1.staticflickr.com/5/4289/35075882243_653872fdb8_q.jpg	https://c1.staticflickr.com/5/4289/35075882243_653872fdb8_m.jpg	https://c1.staticflickr.com/5/4289/35075882243_653872fdb8_s.jpg	https://c1.staticflickr.com/5/4289/35075882243_653872fdb8_t.jpg	https://c1.staticflickr.com/5/4289/35075882243_653872fdb8_z.jpg	"2017:07:12 15:21:32"
Folder1	IMG_20170712_092325	"Maple Leak White Flower"	35.809341666667	-105.78362777778	https://c1.staticflickr.com/5/4215/35715836422_1af0367890_n.jpg	https://www.flickr.com/photos/30474783@N06/35715836422/in/album-72157686336913285	"2017:07:12 09:23:27"	https://c1.staticflickr.com/5/4215/35715836422_1af0367890_n.jpg			fuchsia	https://c1.staticflickr.com/5/4215/35715836422_1af0367890_c.jpg	https://c1.staticflickr.com/5/4215/35715836422_aa9ffdbe2d_h.jpg	https://c1.staticflickr.com/5/4215/35715836422_09beb55ff0_k.jpg	https://c1.staticflickr.com/5/4215/35715836422_1af0367890_b.jpg	https://c1.staticflickr.com/5/4215/35715836422_1af0367890.jpg	https://c1.staticflickr.com/5/4215/35715836422_87dfaedfb7_o.jpg	https://c1.staticflickr.com/5/4215/35715836422_1af0367890_q.jpg	https://c1.staticflickr.com/5/4215/35715836422_1af0367890_m.jpg	https://c1.staticflickr.com/5/4215/35715836422_1af0367890_s.jpg	https://c1.staticflickr.com/5/4215/35715836422_1af0367890_t.jpg	https://c1.staticflickr.com/5/4215/35715836422_1af0367890_z.jpg	"2017:07:12 15:23:25"
Folder1	lavegajunction	"La Vega Junction"	35.812977777778	-105.78113611111	https://c1.staticflickr.com/5/4261/35127437873_fa9ab93af9_n.jpg	https://www.flickr.com/photos/30474783@N06/35127437873/in/album-72157686336913285	"2017:07:12 09:31:35"	https://c1.staticflickr.com/5/4261/35127437873_fa9ab93af9_n.jpg			fuchsia	https://c1.staticflickr.com/5/4261/35127437873_fa9ab93af9_c.jpg	https://c1.staticflickr.com/5/4261/35127437873_7343861008_h.jpg	https://c1.staticflickr.com/5/4261/35127437873_3e8e33f1bf_k.jpg	https://c1.staticflickr.com/5/4261/35127437873_fa9ab93af9_b.jpg	https://c1.staticflickr.com/5/4261/35127437873_fa9ab93af9.jpg	https://c1.staticflickr.com/5/4261/35127437873_0a0a991d3e_o.jpg	https://c1.staticflickr.com/5/4261/35127437873_fa9ab93af9_q.jpg	https://c1.staticflickr.com/5/4261/35127437873_fa9ab93af9_m.jpg	https://c1.staticflickr.com/5/4261/35127437873_fa9ab93af9_s.jpg	https://c1.staticflickr.com/5/4261/35127437873_fa9ab93af9_t.jpg	https://c1.staticflickr.com/5/4261/35127437873_fa9ab93af9_z.jpg	"2017:07:12 15:34:19"
Folder1	IMG_20170712_093420	Wildflowers	35.812902777778	-105.77945	https://c1.staticflickr.com/5/4216/35075881143_4185d6d02d_n.jpg	https://www.flickr.com/photos/30474783@N06/35075881143/in/album-72157686336913285	"2017:07:12 09:34:23"	https://c1.staticflickr.com/5/4216/35075881143_4185d6d02d_n.jpg			fuchsia	https://c1.staticflickr.com/5/4216/35075881143_4185d6d02d_c.jpg	https://c1.staticflickr.com/5/4216/35075881143_8b629c9954_h.jpg	https://c1.staticflickr.com/5/4216/35075881143_2adb3c9fcb_k.jpg	https://c1.staticflickr.com/5/4216/35075881143_4185d6d02d_b.jpg	https://c1.staticflickr.com/5/4216/35075881143_4185d6d02d.jpg	https://c1.staticflickr.com/5/4216/35075881143_f1c5d4de5a_o.jpg	https://c1.staticflickr.com/5/4216/35075881143_4185d6d02d_q.jpg	https://c1.staticflickr.com/5/4216/35075881143_4185d6d02d_m.jpg	https://c1.staticflickr.com/5/4216/35075881143_4185d6d02d_s.jpg	https://c1.staticflickr.com/5/4216/35075881143_4185d6d02d_t.jpg	https://c1.staticflickr.com/5/4216/35075881143_4185d6d02d_z.jpg	"2017:07:12 15:34:49"
Folder1	IMG_20170712_093449	"Rio Nambe Tributary"	35.813033333333	-105.77933611111	https://c1.staticflickr.com/5/4218/35715835452_9f0496d346_n.jpg	https://www.flickr.com/photos/30474783@N06/35715835452/in/album-72157686336913285	"2017:07:12 09:34:51"	https://c1.staticflickr.com/5/4218/35715835452_9f0496d346_n.jpg			fuchsia	https://c1.staticflickr.com/5/4218/35715835452_9f0496d346_c.jpg	https://c1.staticflickr.com/5/4218/35715835452_92d834c53d_h.jpg	https://c1.staticflickr.com/5/4218/35715835452_da1cbabd6f_k.jpg	https://c1.staticflickr.com/5/4218/35715835452_9f0496d346_b.jpg	https://c1.staticflickr.com/5/4218/35715835452_9f0496d346.jpg	https://c1.staticflickr.com/5/4218/35715835452_df30c2fdc8_o.jpg	https://c1.staticflickr.com/5/4218/35715835452_9f0496d346_q.jpg	https://c1.staticflickr.com/5/4218/35715835452_9f0496d346_m.jpg	https://c1.staticflickr.com/5/4218/35715835452_9f0496d346_s.jpg	https://c1.staticflickr.com/5/4218/35715835452_9f0496d346_t.jpg	https://c1.staticflickr.com/5/4218/35715835452_9f0496d346_z.jpg	"2017:07:12 15:35:29"
Folder1	IMG_20170712_093529	Wildflowers	35.812966666667	-105.77933888889	https://c1.staticflickr.com/5/4290/35075879823_eaf1e54d98_n.jpg	https://www.flickr.com/photos/30474783@N06/35075879823/in/album-72157686336913285	"2017:07:12 09:35:31"	https://c1.staticflickr.com/5/4290/35075879823_eaf1e54d98_n.jpg			fuchsia	https://c1.staticflickr.com/5/4290/35075879823_eaf1e54d98_c.jpg	https://c1.staticflickr.com/5/4290/35075879823_823c795f2c_h.jpg	https://c1.staticflickr.com/5/4290/35075879823_10f4b4f22a_k.jpg	https://c1.staticflickr.com/5/4290/35075879823_eaf1e54d98_b.jpg	https://c1.staticflickr.com/5/4290/35075879823_eaf1e54d98.jpg	https://c1.staticflickr.com/5/4290/35075879823_c49e8c09f5_o.jpg	https://c1.staticflickr.com/5/4290/35075879823_eaf1e54d98_q.jpg	https://c1.staticflickr.com/5/4290/35075879823_eaf1e54d98_m.jpg	https://c1.staticflickr.com/5/4290/35075879823_eaf1e54d98_s.jpg	https://c1.staticflickr.com/5/4290/35075879823_eaf1e54d98_t.jpg	https://c1.staticflickr.com/5/4290/35075879823_eaf1e54d98_z.jpg	"2017:07:12 15:35:53"
Folder1	IMG_20170712_093553	Wildflowers	35.812922222222	-105.77936111111	https://c1.staticflickr.com/5/4278/35715834292_f6b875177f_n.jpg	https://www.flickr.com/photos/30474783@N06/35715834292/in/album-72157686336913285	"2017:07:12 09:35:55"	https://c1.staticflickr.com/5/4278/35715834292_f6b875177f_n.jpg			fuchsia	https://c1.staticflickr.com/5/4278/35715834292_f6b875177f_c.jpg	https://c1.staticflickr.com/5/4278/35715834292_ebf93896a7_h.jpg	https://c1.staticflickr.com/5/4278/35715834292_bf8e487709_k.jpg	https://c1.staticflickr.com/5/4278/35715834292_f6b875177f_b.jpg	https://c1.staticflickr.com/5/4278/35715834292_f6b875177f.jpg	https://c1.staticflickr.com/5/4278/35715834292_42e5bc5f9b_o.jpg	https://c1.staticflickr.com/5/4278/35715834292_f6b875177f_q.jpg	https://c1.staticflickr.com/5/4278/35715834292_f6b875177f_m.jpg	https://c1.staticflickr.com/5/4278/35715834292_f6b875177f_s.jpg	https://c1.staticflickr.com/5/4278/35715834292_f6b875177f_t.jpg	https://c1.staticflickr.com/5/4278/35715834292_f6b875177f_z.jpg	"2017:07:12 15:41:41"
Folder1	whitestars	whitestars	35.813	-105.77935833333	https://c1.staticflickr.com/5/4261/35548238850_05958321a7_n.jpg	https://www.flickr.com/photos/30474783@N06/35548238850/in/album-72157686336913285	"2017:07:12 09:37:10"	https://c1.staticflickr.com/5/4261/35548238850_05958321a7_n.jpg			fuchsia	https://c1.staticflickr.com/5/4261/35548238850_05958321a7_c.jpg	https://c1.staticflickr.com/5/4261/35548238850_611d4c0277_h.jpg	https://c1.staticflickr.com/5/4261/35548238850_2b10a1eb6b_k.jpg	https://c1.staticflickr.com/5/4261/35548238850_05958321a7_b.jpg	https://c1.staticflickr.com/5/4261/35548238850_05958321a7.jpg	https://c1.staticflickr.com/5/4261/35548238850_10c03b6b98_o.jpg	https://c1.staticflickr.com/5/4261/35548238850_05958321a7_q.jpg	https://c1.staticflickr.com/5/4261/35548238850_05958321a7_m.jpg	https://c1.staticflickr.com/5/4261/35548238850_05958321a7_s.jpg	https://c1.staticflickr.com/5/4261/35548238850_05958321a7_t.jpg	https://c1.staticflickr.com/5/4261/35548238850_05958321a7_z.jpg	"2017:07:12 15:54:49"
Folder1	IMG_20170712_094141	"Wildflowers to Baldy"	35.813452777778	-105.77807222222	https://c1.staticflickr.com/5/4258/35844200626_cd15e8306e_n.jpg	https://www.flickr.com/photos/30474783@N06/35844200626/in/album-72157686336913285	"2017:07:12 09:41:43"	https://c1.staticflickr.com/5/4258/35844200626_cd15e8306e_n.jpg			fuchsia	https://c1.staticflickr.com/5/4258/35844200626_cd15e8306e_c.jpg	https://c1.staticflickr.com/5/4258/35844200626_2246ff1a75_h.jpg	https://c1.staticflickr.com/5/4258/35844200626_7fd2b3eb26_k.jpg	https://c1.staticflickr.com/5/4258/35844200626_cd15e8306e_b.jpg	https://c1.staticflickr.com/5/4258/35844200626_cd15e8306e.jpg	https://c1.staticflickr.com/5/4258/35844200626_073f0c4d7f_o.jpg	https://c1.staticflickr.com/5/4258/35844200626_cd15e8306e_q.jpg	https://c1.staticflickr.com/5/4258/35844200626_cd15e8306e_m.jpg	https://c1.staticflickr.com/5/4258/35844200626_cd15e8306e_s.jpg	https://c1.staticflickr.com/5/4258/35844200626_cd15e8306e_t.jpg	https://c1.staticflickr.com/5/4258/35844200626_cd15e8306e_z.jpg	"2017:07:12 15:58:38"
Folder1	butterflyheaven	butterflyheaven	35.813147222222	-105.77072222222	https://c1.staticflickr.com/5/4329/35096785084_04c23b3e60_n.jpg	https://www.flickr.com/photos/30474783@N06/35096785084/in/album-72157686336913285	"2017:07:12 09:53:39"	https://c1.staticflickr.com/5/4329/35096785084_04c23b3e60_n.jpg			fuchsia	https://c1.staticflickr.com/5/4329/35096785084_04c23b3e60_c.jpg	https://c1.staticflickr.com/5/4329/35096785084_c9be708581_h.jpg	https://c1.staticflickr.com/5/4329/35096785084_c397a3d4c7_k.jpg	https://c1.staticflickr.com/5/4329/35096785084_04c23b3e60_b.jpg	https://c1.staticflickr.com/5/4329/35096785084_04c23b3e60.jpg	https://c1.staticflickr.com/5/4329/35096785084_0d594ee09b_o.jpg	https://c1.staticflickr.com/5/4329/35096785084_04c23b3e60_q.jpg	https://c1.staticflickr.com/5/4329/35096785084_04c23b3e60_m.jpg	https://c1.staticflickr.com/5/4329/35096785084_04c23b3e60_s.jpg	https://c1.staticflickr.com/5/4329/35096785084_04c23b3e60_t.jpg	https://c1.staticflickr.com/5/4329/35096785084_04c23b3e60_z.jpg	"2017:07:12 16:2:27"
Folder1	IMG_20170712_095604	"Fuzzy mystery flower"	35.813058333333	-105.76982777778	https://c1.staticflickr.com/5/4296/35075877053_d8b30fdbda_n.jpg	https://www.flickr.com/photos/30474783@N06/35075877053/in/album-72157686336913285	"2017:07:12 09:56:06"	https://c1.staticflickr.com/5/4296/35075877053_d8b30fdbda_n.jpg			fuchsia	https://c1.staticflickr.com/5/4296/35075877053_d8b30fdbda_c.jpg	https://c1.staticflickr.com/5/4296/35075877053_37ba29096c_h.jpg	https://c1.staticflickr.com/5/4296/35075877053_1b7d943f63_k.jpg	https://c1.staticflickr.com/5/4296/35075877053_d8b30fdbda_b.jpg	https://c1.staticflickr.com/5/4296/35075877053_d8b30fdbda.jpg	https://c1.staticflickr.com/5/4296/35075877053_48d4e910bf_o.jpg	https://c1.staticflickr.com/5/4296/35075877053_d8b30fdbda_q.jpg	https://c1.staticflickr.com/5/4296/35075877053_d8b30fdbda_m.jpg	https://c1.staticflickr.com/5/4296/35075877053_d8b30fdbda_s.jpg	https://c1.staticflickr.com/5/4296/35075877053_d8b30fdbda_t.jpg	https://c1.staticflickr.com/5/4296/35075877053_d8b30fdbda_z.jpg	"2017:07:12 16:30:7"
Folder1	IMG_20170712_095840	Junction	35.812163888889	-105.76769722222	https://c1.staticflickr.com/5/4306/35075876373_68280791e8_n.jpg	https://www.flickr.com/photos/30474783@N06/35075876373/in/album-72157686336913285	"2017:07:12 09:58:42"	https://c1.staticflickr.com/5/4306/35075876373_68280791e8_n.jpg			fuchsia	https://c1.staticflickr.com/5/4306/35075876373_68280791e8_c.jpg	https://c1.staticflickr.com/5/4306/35075876373_c759fe2208_h.jpg	https://c1.staticflickr.com/5/4306/35075876373_7a9afccc26_k.jpg	https://c1.staticflickr.com/5/4306/35075876373_68280791e8_b.jpg	https://c1.staticflickr.com/5/4306/35075876373_68280791e8.jpg	https://c1.staticflickr.com/5/4306/35075876373_1057e7e798_o.jpg	https://c1.staticflickr.com/5/4306/35075876373_68280791e8_q.jpg	https://c1.staticflickr.com/5/4306/35075876373_68280791e8_m.jpg	https://c1.staticflickr.com/5/4306/35075876373_68280791e8_s.jpg	https://c1.staticflickr.com/5/4306/35075876373_68280791e8_t.jpg	https://c1.staticflickr.com/5/4306/35075876373_68280791e8_z.jpg	"2017:07:12 16:34:50"
Folder1	IMG_20170712_100231	"Tall trees"	35.812258333333	-105.76683333333	https://c1.staticflickr.com/5/4322/35075875943_3485cd5a70_n.jpg	https://www.flickr.com/photos/30474783@N06/35075875943/in/album-72157686336913285	"2017:07:12 10:02:32"	https://c1.staticflickr.com/5/4322/35075875943_3485cd5a70_n.jpg			fuchsia	https://c1.staticflickr.com/5/4322/35075875943_3485cd5a70_c.jpg	https://c1.staticflickr.com/5/4322/35075875943_9dda227356_h.jpg	https://c1.staticflickr.com/5/4322/35075875943_126889cd44_k.jpg	https://c1.staticflickr.com/5/4322/35075875943_3485cd5a70_b.jpg	https://c1.staticflickr.com/5/4322/35075875943_3485cd5a70.jpg	https://c1.staticflickr.com/5/4322/35075875943_cbffa5c987_o.jpg	https://c1.staticflickr.com/5/4322/35075875943_3485cd5a70_q.jpg	https://c1.staticflickr.com/5/4322/35075875943_3485cd5a70_m.jpg	https://c1.staticflickr.com/5/4322/35075875943_3485cd5a70_s.jpg	https://c1.staticflickr.com/5/4322/35075875943_3485cd5a70_t.jpg	https://c1.staticflickr.com/5/4322/35075875943_3485cd5a70_z.jpg	"2017:07:12 16:44:18"
Folder1	bigcolumbines	bigcolumbines	35.812138888889	-105.76535	https://c1.staticflickr.com/5/4289/35766517472_a6e0378cc1_n.jpg	https://www.flickr.com/photos/30474783@N06/35766517472/in/album-72157686336913285	"2017:07:12 10:09:01"	https://c1.staticflickr.com/5/4289/35766517472_a6e0378cc1_n.jpg			fuchsia	https://c1.staticflickr.com/5/4289/35766517472_a6e0378cc1_c.jpg	https://c1.staticflickr.com/5/4289/35766517472_33d5ad9384_h.jpg	https://c1.staticflickr.com/5/4289/35766517472_afb0805fe7_k.jpg	https://c1.staticflickr.com/5/4289/35766517472_a6e0378cc1_b.jpg	https://c1.staticflickr.com/5/4289/35766517472_a6e0378cc1.jpg	https://c1.staticflickr.com/5/4289/35766517472_3a34eb85f7_o.jpg	https://c1.staticflickr.com/5/4289/35766517472_a6e0378cc1_q.jpg	https://c1.staticflickr.com/5/4289/35766517472_a6e0378cc1_m.jpg	https://c1.staticflickr.com/5/4289/35766517472_a6e0378cc1_s.jpg	https://c1.staticflickr.com/5/4289/35766517472_a6e0378cc1_t.jpg	https://c1.staticflickr.com/5/4289/35766517472_a6e0378cc1_z.jpg	"2017:07:12 16:45:43"
Folder1	IMG_20170712_103015	"Junction to Baldy"	35.813644444444	-105.76071944444	https://c1.staticflickr.com/5/4212/35075875323_0d1bbaac4d_n.jpg	https://www.flickr.com/photos/30474783@N06/35075875323/in/album-72157686336913285	"2017:07:12 10:30:17"	https://c1.staticflickr.com/5/4212/35075875323_0d1bbaac4d_n.jpg			fuchsia	https://c1.staticflickr.com/5/4212/35075875323_0d1bbaac4d_c.jpg	https://c1.staticflickr.com/5/4212/35075875323_35fcf7d782_h.jpg	https://c1.staticflickr.com/5/4212/35075875323_59927ac2fc_k.jpg	https://c1.staticflickr.com/5/4212/35075875323_0d1bbaac4d_b.jpg	https://c1.staticflickr.com/5/4212/35075875323_0d1bbaac4d.jpg	https://c1.staticflickr.com/5/4212/35075875323_8d3981953b_o.jpg	https://c1.staticflickr.com/5/4212/35075875323_0d1bbaac4d_q.jpg	https://c1.staticflickr.com/5/4212/35075875323_0d1bbaac4d_m.jpg	https://c1.staticflickr.com/5/4212/35075875323_0d1bbaac4d_s.jpg	https://c1.staticflickr.com/5/4212/35075875323_0d1bbaac4d_t.jpg	https://c1.staticflickr.com/5/4212/35075875323_0d1bbaac4d_z.jpg	"2017:07:12 16:47:25"
Folder1	nambemeadow	nambemeadow	35.813705555556	-105.76077222222	https://c1.staticflickr.com/5/4306/35766527022_40760c5ecd_n.jpg	https://www.flickr.com/photos/30474783@N06/35766527022/in/album-72157686336913285	"2017:07:12 10:30:26"	https://c1.staticflickr.com/5/4306/35766527022_40760c5ecd_n.jpg			fuchsia	https://c1.staticflickr.com/5/4306/35766527022_40760c5ecd_c.jpg	https://c1.staticflickr.com/5/4306/35766527022_534c2e4564_h.jpg	https://c1.staticflickr.com/5/4306/35766527022_6ba679071e_k.jpg	https://c1.staticflickr.com/5/4306/35766527022_40760c5ecd_b.jpg	https://c1.staticflickr.com/5/4306/35766527022_40760c5ecd.jpg	https://c1.staticflickr.com/5/4306/35766527022_2aa973e110_o.jpg	https://c1.staticflickr.com/5/4306/35766527022_40760c5ecd_q.jpg	https://c1.staticflickr.com/5/4306/35766527022_40760c5ecd_m.jpg	https://c1.staticflickr.com/5/4306/35766527022_40760c5ecd_s.jpg	https://c1.staticflickr.com/5/4306/35766527022_40760c5ecd_t.jpg	https://c1.staticflickr.com/5/4306/35766527022_40760c5ecd_z.jpg	"2017:07:12 18:17:16"
Folder1	IMG_20170712_103450	"Mountains Trees Sky"	35.813225	-105.75993333333	https://c1.staticflickr.com/5/4209/35075874963_11e65256f7_n.jpg	https://www.flickr.com/photos/30474783@N06/35075874963/in/album-72157686336913285	"2017:07:12 10:34:52"	https://c1.staticflickr.com/5/4209/35075874963_11e65256f7_n.jpg			fuchsia	https://c1.staticflickr.com/5/4209/35075874963_11e65256f7_c.jpg	https://c1.staticflickr.com/5/4209/35075874963_27746cdf95_h.jpg	https://c1.staticflickr.com/5/4209/35075874963_3833ce1c00_k.jpg	https://c1.staticflickr.com/5/4209/35075874963_11e65256f7_b.jpg	https://c1.staticflickr.com/5/4209/35075874963_11e65256f7.jpg	https://c1.staticflickr.com/5/4209/35075874963_8eb0632935_o.jpg	https://c1.staticflickr.com/5/4209/35075874963_11e65256f7_q.jpg	https://c1.staticflickr.com/5/4209/35075874963_11e65256f7_m.jpg	https://c1.staticflickr.com/5/4209/35075874963_11e65256f7_s.jpg	https://c1.staticflickr.com/5/4209/35075874963_11e65256f7_t.jpg	https://c1.staticflickr.com/5/4209/35075874963_11e65256f7_z.jpg	"2017:07:12 18:22:32"
Folder1	IMG_20170712_104420	Wildflowers	35.81175	-105.75655	https://c1.staticflickr.com/5/4217/35075874473_444e9a0725_n.jpg	https://www.flickr.com/photos/30474783@N06/35075874473/in/album-72157686336913285	"2017:07:12 10:44:22"	https://c1.staticflickr.com/5/4217/35075874473_444e9a0725_n.jpg			fuchsia	https://c1.staticflickr.com/5/4217/35075874473_444e9a0725_c.jpg	https://c1.staticflickr.com/5/4217/35075874473_8c8953e14c_h.jpg	https://c1.staticflickr.com/5/4217/35075874473_263726da58_k.jpg	https://c1.staticflickr.com/5/4217/35075874473_444e9a0725_b.jpg	https://c1.staticflickr.com/5/4217/35075874473_444e9a0725.jpg	https://c1.staticflickr.com/5/4217/35075874473_50d875ce1c_o.jpg	https://c1.staticflickr.com/5/4217/35075874473_444e9a0725_q.jpg	https://c1.staticflickr.com/5/4217/35075874473_444e9a0725_m.jpg	https://c1.staticflickr.com/5/4217/35075874473_444e9a0725_s.jpg	https://c1.staticflickr.com/5/4217/35075874473_444e9a0725_t.jpg	https://c1.staticflickr.com/5/4217/35075874473_444e9a0725_z.jpg	"2017:07:12 16:9:0"
Folder1	IMG_20170712_104548	"Junction turnaround point"	35.810761111111	-105.75514166667	https://c1.staticflickr.com/5/4306/35715829542_da843138d8_n.jpg	https://www.flickr.com/photos/30474783@N06/35715829542/in/album-72157686336913285	"2017:07:12 10:45:50"	https://c1.staticflickr.com/5/4306/35715829542_da843138d8_n.jpg			fuchsia	https://c1.staticflickr.com/5/4306/35715829542_da843138d8_c.jpg	https://c1.staticflickr.com/5/4306/35715829542_6738c4ecdb_h.jpg	https://c1.staticflickr.com/5/4306/35715829542_756a34ffdc_k.jpg	https://c1.staticflickr.com/5/4306/35715829542_da843138d8_b.jpg	https://c1.staticflickr.com/5/4306/35715829542_da843138d8.jpg	https://c1.staticflickr.com/5/4306/35715829542_2874d9312a_o.jpg	https://c1.staticflickr.com/5/4306/35715829542_da843138d8_q.jpg	https://c1.staticflickr.com/5/4306/35715829542_da843138d8_m.jpg	https://c1.staticflickr.com/5/4306/35715829542_da843138d8_s.jpg	https://c1.staticflickr.com/5/4306/35715829542_da843138d8_t.jpg	https://c1.staticflickr.com/5/4306/35715829542_da843138d8_z.jpg	"2017:07:12 15:53:39"
Folder1	puertofirs	puertofirs	35.810955555556	-105.75360833333	https://c1.staticflickr.com/5/4213/35936743105_cbf76c0fb2_n.jpg	https://www.flickr.com/photos/30474783@N06/35936743105/in/album-72157686336913285	"2017:07:12 10:46:06"	https://c1.staticflickr.com/5/4213/35936743105_cbf76c0fb2_n.jpg			fuchsia	https://c1.staticflickr.com/5/4213/35936743105_cbf76c0fb2_c.jpg	https://c1.staticflickr.com/5/4213/35936743105_42a7de56f7_h.jpg	https://c1.staticflickr.com/5/4213/35936743105_79f09b42bc_k.jpg	https://c1.staticflickr.com/5/4213/35936743105_cbf76c0fb2_b.jpg	https://c1.staticflickr.com/5/4213/35936743105_cbf76c0fb2.jpg	https://c1.staticflickr.com/5/4213/35936743105_f217c3dc98_o.jpg	https://c1.staticflickr.com/5/4213/35936743105_cbf76c0fb2_q.jpg	https://c1.staticflickr.com/5/4213/35936743105_cbf76c0fb2_m.jpg	https://c1.staticflickr.com/5/4213/35936743105_cbf76c0fb2_s.jpg	https://c1.staticflickr.com/5/4213/35936743105_cbf76c0fb2_t.jpg	https://c1.staticflickr.com/5/4213/35936743105_cbf76c0fb2_z.jpg	"2017:07:12 15:31:35"
Folder1	IMG_20170712_104724	"Trail continues east"	35.810702777778	-105.75309722222	https://c1.staticflickr.com/5/4324/35075873183_b24a965390_n.jpg	https://www.flickr.com/photos/30474783@N06/35075873183/in/album-72157686336913285	"2017:07:12 10:47:26"	https://c1.staticflickr.com/5/4324/35075873183_b24a965390_n.jpg			fuchsia	https://c1.staticflickr.com/5/4324/35075873183_b24a965390_c.jpg	https://c1.staticflickr.com/5/4324/35075873183_a5ec70922b_h.jpg	https://c1.staticflickr.com/5/4324/35075873183_ab0d174e8e_k.jpg	https://c1.staticflickr.com/5/4324/35075873183_b24a965390_b.jpg	https://c1.staticflickr.com/5/4324/35075873183_b24a965390.jpg	https://c1.staticflickr.com/5/4324/35075873183_c89ddd69e2_o.jpg	https://c1.staticflickr.com/5/4324/35075873183_b24a965390_q.jpg	https://c1.staticflickr.com/5/4324/35075873183_b24a965390_m.jpg	https://c1.staticflickr.com/5/4324/35075873183_b24a965390_s.jpg	https://c1.staticflickr.com/5/4324/35075873183_b24a965390_t.jpg	https://c1.staticflickr.com/5/4324/35075873183_b24a965390_z.jpg	"2017:07:12 16:30:25"
Folder1	skylinedeadfall	skylinedeadfall	35.810713888889	-105.75441666667	https://c1.staticflickr.com/5/4211/35895851656_6b890841fe_n.jpg	https://www.flickr.com/photos/30474783@N06/35895851656/in/album-72157686336913285	"2017:07:12 10:47:51"	https://c1.staticflickr.com/5/4211/35895851656_6b890841fe_n.jpg			fuchsia	https://c1.staticflickr.com/5/4211/35895851656_6b890841fe_c.jpg	https://c1.staticflickr.com/5/4211/35895851656_c25baec03a_h.jpg	https://c1.staticflickr.com/5/4211/35895851656_a9dd641864_k.jpg	https://c1.staticflickr.com/5/4211/35895851656_6b890841fe_b.jpg	https://c1.staticflickr.com/5/4211/35895851656_6b890841fe.jpg	https://c1.staticflickr.com/5/4211/35895851656_8c52315c74_o.jpg	https://c1.staticflickr.com/5/4211/35895851656_6b890841fe_q.jpg	https://c1.staticflickr.com/5/4211/35895851656_6b890841fe_m.jpg	https://c1.staticflickr.com/5/4211/35895851656_6b890841fe_s.jpg	https://c1.staticflickr.com/5/4211/35895851656_6b890841fe_t.jpg	https://c1.staticflickr.com/5/4211/35895851656_6b890841fe_z.jpg	"2017:07:12 16:46:6"
Folder1	IMG_20170712_121724	"Trees and sky"	35.808747222222	-105.78381388889	https://c1.staticflickr.com/5/4209/35715827862_afafe0ebb2_n.jpg	https://www.flickr.com/photos/30474783@N06/35715827862/in/album-72157686336913285	"2017:07:12 12:17:26"	https://c1.staticflickr.com/5/4209/35715827862_afafe0ebb2_n.jpg			fuchsia	https://c1.staticflickr.com/5/4209/35715827862_afafe0ebb2_c.jpg	https://c1.staticflickr.com/5/4209/35715827862_3f1d3a68b4_h.jpg	https://c1.staticflickr.com/5/4209/35715827862_f458a03724_k.jpg	https://c1.staticflickr.com/5/4209/35715827862_afafe0ebb2_b.jpg	https://c1.staticflickr.com/5/4209/35715827862_afafe0ebb2.jpg	https://c1.staticflickr.com/5/4209/35715827862_c2f9bdd82b_o.jpg	https://c1.staticflickr.com/5/4209/35715827862_afafe0ebb2_q.jpg	https://c1.staticflickr.com/5/4209/35715827862_afafe0ebb2_m.jpg	https://c1.staticflickr.com/5/4209/35715827862_afafe0ebb2_s.jpg	https://c1.staticflickr.com/5/4209/35715827862_afafe0ebb2_t.jpg	https://c1.staticflickr.com/5/4209/35715827862_afafe0ebb2_z.jpg	"2017:07:12 16:47:51"
Folder1	aspensonwinsor	aspensonwinsor	35.810238888889	-105.78610277778	https://c1.staticflickr.com/5/4302/35096846314_4cbb728a33_n.jpg	https://www.flickr.com/photos/30474783@N06/35096846314/in/album-72157686336913285	"2017:07:12 12:22:32"	https://c1.staticflickr.com/5/4302/35096846314_4cbb728a33_n.jpg			fuchsia	https://c1.staticflickr.com/5/4302/35096846314_4cbb728a33_c.jpg	https://c1.staticflickr.com/5/4302/35096846314_cb49273a14_h.jpg	https://c1.staticflickr.com/5/4302/35096846314_9b09bb5d08_k.jpg	https://c1.staticflickr.com/5/4302/35096846314_4cbb728a33_b.jpg	https://c1.staticflickr.com/5/4302/35096846314_4cbb728a33.jpg	https://c1.staticflickr.com/5/4302/35096846314_b7e246a2bc_o.jpg	https://c1.staticflickr.com/5/4302/35096846314_4cbb728a33_q.jpg	https://c1.staticflickr.com/5/4302/35096846314_4cbb728a33_m.jpg	https://c1.staticflickr.com/5/4302/35096846314_4cbb728a33_s.jpg	https://c1.staticflickr.com/5/4302/35096846314_4cbb728a33_t.jpg	https://c1.staticflickr.com/5/4302/35096846314_4cbb728a33_z.jpg	"2017:07:12 15:37:9"
